time,GEN1:Vt,GEN2:Vt,GEN3:Vt,GEN4:Vt,GEN5:Vt,GEN6:Vt,GEN7:Vt,GEN8:Vt,GEN9:Vt,GEN10:Vt,GEN1:delta,GEN2:delta,GEN3:delta,GEN4:delta,GEN5:delta,GEN6:delta,GEN7:delta,GEN8:delta,GEN9:delta,GEN10:delta
0.0,1.029999999999994,0.981999999999966,0.9840999999999626,0.9971999999999714,1.0122999999999749,1.04939999999997,1.0635999999999708,1.0274999999999812,1.0264999999999842,1.0498999999999863,-0.07887941161084129,0.8772426026886068,0.8092876753694872,0.9042491375475825,0.9635060679836709,0.8030415485024225,0.932410645971996,0.9353248797423896,1.065560057437363,0.012519174322763942
0.01,1.0299999999999938,0.9819999999999657,0.9840999999999621,0.9971999999999707,1.0122999999999744,1.0493999999999686,1.063599999999969,1.02749999999998,1.0264999999999842,1.0498999999999847,-0.07887941161084129,0.8772426026886068,0.8092876753694872,0.9042491375475825,0.9635060679836709,0.8030415485024225,0.932410645971996,0.9353248797423896,1.065560057437363,0.012519174322763942
0.02,1.029999999999994,0.9819999999999659,0.9840999999999618,0.9971999999999707,1.0122999999999742,1.0493999999999686,1.063599999999969,1.02749999999998,1.0264999999999842,1.0498999999999845,-0.07887941161084129,0.8772426026886068,0.8092876753694872,0.9042491375475825,0.9635060679836709,0.8030415485024225,0.932410645971996,0.9353248797423896,1.065560057437363,0.012519174322763942
0.03,1.029999999999994,0.9819999999999655,0.9840999999999618,0.9971999999999703,1.0122999999999738,1.049399999999968,1.0635999999999688,1.0274999999999799,1.0264999999999842,1.0498999999999843,-0.07887941161084129,0.8772426026886068,0.8092876753694872,0.9042491375475825,0.9635060679836709,0.8030415485024225,0.932410645971996,0.9353248797423896,1.065560057437363,0.012519174322763942
0.04,1.029999999999994,0.9819999999999653,0.9840999999999618,0.9971999999999703,1.0122999999999736,1.0493999999999675,1.0635999999999688,1.0274999999999797,1.0264999999999842,1.0498999999999843,-0.07887941161084129,0.8772426026886068,0.8092876753694872,0.9042491375475825,0.9635060679836709,0.8030415485024225,0.932410645971996,0.9353248797423896,1.065560057437363,0.012519174322763942
0.05,1.0299999999999938,0.9819999999999653,0.9840999999999618,0.9971999999999703,1.0122999999999733,1.049399999999967,1.0635999999999686,1.0274999999999792,1.0264999999999842,1.0498999999999838,-0.07887941161084129,0.8772426026886068,0.8092876753694872,0.9042491375475825,0.9635060679836709,0.8030415485024225,0.932410645971996,0.9353248797423896,1.065560057437363,0.012519174322763942
0.06,1.0299999999999938,0.9819999999999653,0.9840999999999616,0.9971999999999699,1.0122999999999727,1.0493999999999668,1.0635999999999677,1.0274999999999792,1.0264999999999842,1.0498999999999836,-0.07887941161084129,0.8772426026886068,0.8092876753694872,0.9042491375475825,0.9635060679836709,0.8030415485024225,0.932410645971996,0.9353248797423896,1.065560057437363,0.012519174322763942
0.07,1.0299999999999938,0.9819999999999653,0.9840999999999611,0.9971999999999699,1.0122999999999727,1.0493999999999666,1.0635999999999677,1.0274999999999788,1.0264999999999838,1.0498999999999836,-0.07887941161084129,0.8772426026886068,0.8092876753694872,0.9042491375475825,0.9635060679836709,0.8030415485024225,0.932410645971996,0.9353248797423896,1.065560057437363,0.012519174322763942
0.08,1.0299999999999938,0.9819999999999651,0.9840999999999611,0.9971999999999696,1.0122999999999724,1.0493999999999666,1.0635999999999677,1.0274999999999788,1.0264999999999838,1.0498999999999836,-0.07887941161084129,0.8772426026886068,0.8092876753694872,0.9042491375475825,0.9635060679836709,0.8030415485024225,0.932410645971996,0.9353248797423896,1.065560057437363,0.012519174322763942
0.09,1.0299999999999936,0.9819999999999648,0.9840999999999609,0.9971999999999688,1.0122999999999718,1.0493999999999661,1.0635999999999672,1.0274999999999783,1.0264999999999835,1.0498999999999834,-0.07887941161084129,0.8772426026886068,0.8092876753694872,0.9042491375475825,0.9635060679836709,0.8030415485024225,0.932410645971996,0.9353248797423896,1.065560057437363,0.012519174322763942
0.1,1.0299999999999936,0.9819999999999648,0.9840999999999609,0.997199999999969,1.0122999999999718,1.0493999999999657,1.0635999999999675,1.027499999999978,1.026499999999983,1.0498999999999834,-0.07887941161084129,0.8772426026886068,0.8092876753694872,0.9042491375475825,0.9635060679836709,0.8030415485024225,0.932410645971996,0.9353248797423896,1.065560057437363,0.012519174322763942
0.11,1.0299999999999936,0.9819999999999648,0.9840999999999609,0.997199999999969,1.0122999999999716,1.0493999999999657,1.0635999999999672,1.0274999999999783,1.026499999999983,1.0498999999999836,-0.07887941161084129,0.8772426026886068,0.8092876753694872,0.9042491375475825,0.9635060679836709,0.8030415485024225,0.932410645971996,0.9353248797423896,1.065560057437363,0.012519174322763942
0.12,1.0299999999999936,0.9819999999999646,0.9840999999999606,0.9971999999999686,1.012299999999971,1.0493999999999655,1.063599999999967,1.0274999999999774,1.026499999999983,1.049899999999983,-0.07887941161084129,0.8772426026886068,0.8092876753694872,0.9042491375475825,0.9635060679836709,0.8030415485024225,0.932410645971996,0.9353248797423896,1.065560057437363,0.012519174322763942
0.13,1.0299999999999934,0.9819999999999646,0.9840999999999606,0.9971999999999684,1.012299999999971,1.0493999999999655,1.063599999999967,1.0274999999999772,1.0264999999999826,1.0498999999999834,-0.07887941161084129,0.8772426026886068,0.8092876753694872,0.9042491375475825,0.9635060679836709,0.8030415485024225,0.932410645971996,0.9353248797423896,1.065560057437363,0.012519174322763942
0.14,1.0299999999999936,0.9819999999999646,0.9840999999999606,0.9971999999999684,1.012299999999971,1.0493999999999646,1.0635999999999668,1.0274999999999777,1.026499999999983,1.0498999999999832,-0.07887941161084129,0.8772426026886068,0.8092876753694872,0.9042491375475825,0.9635060679836709,0.8030415485024225,0.932410645971996,0.9353248797423896,1.065560057437363,0.012519174322763942
0.15,1.0299999999999936,0.981999999999964,0.9840999999999602,0.9971999999999682,1.0122999999999704,1.0493999999999644,1.0635999999999661,1.0274999999999772,1.0264999999999829,1.049899999999983,-0.07887941161084129,0.8772426026886068,0.8092876753694872,0.9042491375475825,0.9635060679836709,0.8030415485024225,0.932410645971996,0.9353248797423896,1.065560057437363,0.012519174322763942
0.16,1.0299999999999936,0.981999999999964,0.98409999999996,0.9971999999999684,1.0122999999999704,1.0493999999999644,1.0635999999999661,1.027499999999977,1.026499999999983,1.049899999999983,-0.07887941161084129,0.8772426026886068,0.8092876753694872,0.9042491375475825,0.9635060679836709,0.8030415485024225,0.932410645971996,0.9353248797423896,1.065560057437363,0.012519174322763942
0.17,1.0299999999999936,0.9819999999999642,0.98409999999996,0.9971999999999686,1.0122999999999704,1.049399999999964,1.063599999999966,1.027499999999977,1.0264999999999826,1.0498999999999827,-0.07887941161084129,0.8772426026886068,0.8092876753694872,0.9042491375475825,0.9635060679836709,0.8030415485024225,0.932410645971996,0.9353248797423896,1.065560057437363,0.012519174322763942
0.18,1.0299999999999936,0.9819999999999642,0.9840999999999598,0.997199999999968,1.0122999999999704,1.0493999999999637,1.063599999999966,1.0274999999999768,1.0264999999999824,1.049899999999983,-0.07887941161084129,0.8772426026886068,0.8092876753694872,0.9042491375475825,0.9635060679836709,0.8030415485024225,0.932410645971996,0.9353248797423896,1.065560057437363,0.012519174322763942
0.19,1.0299999999999936,0.981999999999964,0.9840999999999598,0.9971999999999677,1.01229999999997,1.0493999999999635,1.0635999999999657,1.0274999999999765,1.0264999999999824,1.0498999999999827,-0.07887941161084129,0.8772426026886068,0.8092876753694872,0.9042491375475825,0.9635060679836709,0.8030415485024225,0.932410645971996,0.9353248797423896,1.065560057437363,0.012519174322763942
0.2,1.0299999999999934,0.9819999999999637,0.9840999999999596,0.9971999999999677,1.0122999999999698,1.049399999999963,1.0635999999999655,1.0274999999999763,1.026499999999982,1.0498999999999827,-0.07887941161084129,0.8772426026886068,0.8092876753694872,0.9042491375475825,0.9635060679836709,0.8030415485024225,0.932410645971996,0.9353248797423896,1.065560057437363,0.012519174322763942
0.21,1.0299999999999934,0.9819999999999637,0.9840999999999593,0.9971999999999676,1.0122999999999696,1.049399999999963,1.0635999999999657,1.0274999999999763,1.026499999999982,1.0498999999999827,-0.07887941161084129,0.8772426026886068,0.8092876753694872,0.9042491375475825,0.9635060679836709,0.8030415485024225,0.932410645971996,0.9353248797423896,1.065560057437363,0.012519174322763942
0.22,1.0299999999999934,0.9819999999999637,0.9840999999999593,0.9971999999999676,1.0122999999999696,1.049399999999963,1.0635999999999657,1.0274999999999763,1.026499999999982,1.0498999999999827,-0.07887941161084129,0.8772426026886068,0.8092876753694872,0.9042491375475825,0.9635060679836709,0.8030415485024225,0.932410645971996,0.9353248797423896,1.065560057437363,0.012519174322763942
0.23,1.0299999999999931,0.9819999999999636,0.9840999999999593,0.9971999999999674,1.0122999999999693,1.0493999999999628,1.0635999999999655,1.0274999999999763,1.026499999999982,1.0498999999999827,-0.07887941161084129,0.8772426026886068,0.8092876753694872,0.9042491375475825,0.9635060679836709,0.8030415485024225,0.932410645971996,0.9353248797423896,1.065560057437363,0.012519174322763942
0.24,1.0299999999999934,0.9819999999999636,0.9840999999999593,0.997199999999967,1.012299999999969,1.0493999999999626,1.0635999999999652,1.0274999999999763,1.0264999999999822,1.0498999999999827,-0.07887941161084129,0.8772426026886068,0.8092876753694872,0.9042491375475825,0.9635060679836709,0.8030415485024225,0.932410645971996,0.9353248797423896,1.065560057437363,0.012519174322763942
0.25,1.0299999999999934,0.9819999999999636,0.9840999999999593,0.997199999999967,1.0122999999999691,1.0493999999999624,1.063599999999965,1.0274999999999759,1.026499999999982,1.049899999999983,-0.07887941161084129,0.8772426026886068,0.8092876753694872,0.9042491375475825,0.9635060679836709,0.8030415485024225,0.932410645971996,0.9353248797423896,1.065560057437363,0.012519174322763942
0.26,1.0299999999999934,0.9819999999999636,0.9840999999999593,0.9971999999999669,1.0122999999999687,1.0493999999999624,1.063599999999965,1.027499999999976,1.0264999999999818,1.0498999999999827,-0.07887941161084129,0.8772426026886068,0.8092876753694872,0.9042491375475825,0.9635060679836709,0.8030415485024225,0.932410645971996,0.9353248797423896,1.065560057437363,0.012519174322763942
0.27,1.0299999999999934,0.9819999999999636,0.9840999999999589,0.9971999999999669,1.0122999999999687,1.0493999999999624,1.063599999999965,1.0274999999999757,1.0264999999999813,1.0498999999999827,-0.07887941161084129,0.8772426026886068,0.8092876753694872,0.9042491375475825,0.9635060679836709,0.8030415485024225,0.932410645971996,0.9353248797423896,1.065560057437363,0.012519174322763942
0.28,1.0299999999999934,0.9819999999999636,0.9840999999999589,0.9971999999999669,1.0122999999999687,1.0493999999999624,1.063599999999965,1.0274999999999757,1.0264999999999813,1.0498999999999827,-0.07887941161084129,0.8772426026886068,0.8092876753694872,0.9042491375475825,0.9635060679836709,0.8030415485024225,0.932410645971996,0.9353248797423896,1.065560057437363,0.012519174322763942
0.29,1.0299999999999934,0.9819999999999631,0.9840999999999587,0.9971999999999667,1.0122999999999684,1.0493999999999624,1.063599999999965,1.0274999999999752,1.0264999999999809,1.0498999999999827,-0.07887941161084129,0.8772426026886068,0.8092876753694872,0.9042491375475825,0.9635060679836709,0.8030415485024225,0.932410645971996,0.9353248797423896,1.065560057437363,0.012519174322763942
0.3,1.0299999999999934,0.9819999999999631,0.9840999999999585,0.9971999999999667,1.0122999999999684,1.049399999999962,1.0635999999999646,1.0274999999999752,1.0264999999999807,1.0498999999999827,-0.07887941161084129,0.8772426026886068,0.8092876753694872,0.9042491375475825,0.9635060679836709,0.8030415485024225,0.932410645971996,0.9353248797423896,1.065560057437363,0.012519174322763942
0.31,1.0299999999999934,0.9819999999999631,0.9840999999999585,0.9971999999999666,1.0122999999999682,1.0493999999999621,1.0635999999999646,1.027499999999975,1.0264999999999807,1.0498999999999827,-0.07887941161084129,0.8772426026886068,0.8092876753694872,0.9042491375475825,0.9635060679836709,0.8030415485024225,0.932410645971996,0.9353248797423896,1.065560057437363,0.012519174322763942
0.32,1.0299999999999934,0.9819999999999631,0.9840999999999585,0.9971999999999661,1.012299999999968,1.0493999999999617,1.063599999999964,1.027499999999975,1.0264999999999804,1.049899999999982,-0.07887941161084129,0.8772426026886068,0.8092876753694872,0.9042491375475825,0.9635060679836709,0.8030415485024225,0.932410645971996,0.9353248797423896,1.065560057437363,0.012519174322763942
0.33,1.0299999999999931,0.9819999999999631,0.9840999999999585,0.997199999999966,1.0122999999999678,1.0493999999999617,1.063599999999964,1.027499999999975,1.0264999999999804,1.049899999999982,-0.07887941161084129,0.8772426026886068,0.8092876753694872,0.9042491375475825,0.9635060679836709,0.8030415485024225,0.932410645971996,0.9353248797423896,1.065560057437363,0.012519174322763942
0.34,1.0299999999999934,0.9819999999999631,0.9840999999999581,0.997199999999966,1.012299999999968,1.0493999999999615,1.063599999999964,1.027499999999975,1.0264999999999804,1.049899999999982,-0.07887941161084129,0.8772426026886068,0.8092876753694872,0.9042491375475825,0.9635060679836709,0.8030415485024225,0.932410645971996,0.9353248797423896,1.065560057437363,0.012519174322763942
0.35000000000000003,1.0299999999999934,0.981999999999963,0.9840999999999581,0.997199999999966,1.012299999999968,1.0493999999999615,1.063599999999964,1.027499999999975,1.0264999999999804,1.0498999999999823,-0.07887941161084129,0.8772426026886068,0.8092876753694872,0.9042491375475825,0.9635060679836709,0.8030415485024225,0.932410645971996,0.9353248797423896,1.065560057437363,0.012519174322763942
0.36,1.0299999999999934,0.9819999999999628,0.9840999999999577,0.9971999999999659,1.0122999999999676,1.0493999999999613,1.0635999999999641,1.0274999999999745,1.0264999999999802,1.049899999999982,-0.07887941161084129,0.8772426026886068,0.8092876753694872,0.9042491375475825,0.9635060679836709,0.8030415485024225,0.932410645971996,0.9353248797423896,1.065560057437363,0.012519174322763942
0.37,1.0299999999999934,0.9819999999999626,0.9840999999999577,0.997199999999966,1.0122999999999676,1.049399999999961,1.063599999999964,1.0274999999999745,1.0264999999999804,1.049899999999982,-0.07887941161084129,0.8772426026886068,0.8092876753694872,0.9042491375475825,0.9635060679836709,0.8030415485024225,0.932410645971996,0.9353248797423896,1.065560057437363,0.012519174322763942
0.38,1.0299999999999934,0.9819999999999626,0.9840999999999577,0.997199999999966,1.0122999999999676,1.049399999999961,1.063599999999964,1.0274999999999745,1.0264999999999804,1.049899999999982,-0.07887941161084129,0.8772426026886068,0.8092876753694872,0.9042491375475825,0.9635060679836709,0.8030415485024225,0.932410645971996,0.9353248797423896,1.065560057437363,0.012519174322763942
0.39,1.0299999999999931,0.9819999999999626,0.9840999999999577,0.9971999999999659,1.0122999999999673,1.049399999999961,1.063599999999964,1.0274999999999745,1.02649999999998,1.049899999999982,-0.07887941161084129,0.8772426026886068,0.8092876753694872,0.9042491375475825,0.9635060679836709,0.8030415485024225,0.932410645971996,0.9353248797423896,1.065560057437363,0.012519174322763942
0.4,1.0299999999999931,0.9819999999999626,0.9840999999999575,0.9971999999999659,1.0122999999999673,1.0493999999999604,1.0635999999999635,1.0274999999999743,1.02649999999998,1.049899999999982,-0.07887941161084129,0.8772426026886068,0.8092876753694872,0.9042491375475825,0.9635060679836709,0.8030415485024225,0.932410645971996,0.9353248797423896,1.065560057437363,0.012519174322763942
0.41000000000000003,1.0299999999999931,0.9819999999999626,0.9840999999999575,0.9971999999999657,1.0122999999999673,1.0493999999999604,1.0635999999999635,1.027499999999974,1.02649999999998,1.049899999999982,-0.07887941161084129,0.8772426026886068,0.8092876753694872,0.9042491375475825,0.9635060679836709,0.8030415485024225,0.932410645971996,0.9353248797423896,1.065560057437363,0.012519174322763942
0.42,1.0299999999999931,0.9819999999999626,0.9840999999999575,0.9971999999999658,1.0122999999999673,1.0493999999999604,1.0635999999999635,1.0274999999999739,1.0264999999999795,1.049899999999982,-0.07887941161084129,0.8772426026886068,0.8092876753694872,0.9042491375475825,0.9635060679836709,0.8030415485024225,0.932410645971996,0.9353248797423896,1.065560057437363,0.012519174322763942
0.43,1.0299999999999931,0.9819999999999622,0.9840999999999575,0.9971999999999658,1.0122999999999673,1.0493999999999604,1.0635999999999635,1.0274999999999739,1.0264999999999793,1.049899999999982,-0.07887941161084129,0.8772426026886068,0.8092876753694872,0.9042491375475825,0.9635060679836709,0.8030415485024225,0.932410645971996,0.9353248797423896,1.065560057437363,0.012519174322763942
0.44,1.0299999999999931,0.9819999999999622,0.9840999999999575,0.9971999999999657,1.0122999999999673,1.0493999999999604,1.0635999999999635,1.027499999999974,1.0264999999999793,1.049899999999982,-0.07887941161084129,0.8772426026886068,0.8092876753694872,0.9042491375475825,0.9635060679836709,0.8030415485024225,0.932410645971996,0.9353248797423896,1.065560057437363,0.012519174322763942
0.45,1.0299999999999931,0.9819999999999622,0.9840999999999575,0.9971999999999654,1.0122999999999671,1.0493999999999601,1.063599999999963,1.027499999999974,1.0264999999999793,1.049899999999982,-0.07887941161084129,0.8772426026886068,0.8092876753694872,0.9042491375475825,0.9635060679836709,0.8030415485024225,0.932410645971996,0.9353248797423896,1.065560057437363,0.012519174322763942
0.46,1.0299999999999931,0.9819999999999625,0.9840999999999575,0.9971999999999657,1.0122999999999671,1.0493999999999604,1.0635999999999635,1.0274999999999739,1.0264999999999793,1.0498999999999818,-0.07887941161084129,0.8772426026886068,0.8092876753694872,0.9042491375475825,0.9635060679836709,0.8030415485024225,0.932410645971996,0.9353248797423896,1.065560057437363,0.012519174322763942
0.47000000000000003,1.029999999999993,0.9819999999999626,0.9840999999999572,0.9971999999999654,1.0122999999999671,1.0493999999999606,1.0635999999999635,1.0274999999999739,1.0264999999999793,1.0498999999999818,-0.07887941161084129,0.8772426026886068,0.8092876753694872,0.9042491375475825,0.9635060679836709,0.8030415485024225,0.932410645971996,0.9353248797423896,1.065560057437363,0.012519174322763942
0.48,1.029999999999993,0.9819999999999626,0.9840999999999572,0.9971999999999654,1.0122999999999671,1.0493999999999604,1.0635999999999635,1.0274999999999739,1.026499999999979,1.0498999999999818,-0.07887941161084129,0.8772426026886068,0.8092876753694872,0.9042491375475825,0.9635060679836709,0.8030415485024225,0.932410645971996,0.9353248797423896,1.065560057437363,0.012519174322763942
0.49,1.029999999999993,0.9819999999999626,0.9840999999999572,0.9971999999999654,1.0122999999999671,1.0493999999999604,1.0635999999999635,1.0274999999999739,1.0264999999999793,1.0498999999999818,-0.07887941161084129,0.8772426026886068,0.8092876753694872,0.9042491375475825,0.9635060679836709,0.8030415485024225,0.932410645971996,0.9353248797423896,1.065560057437363,0.012519174322763942
0.5,1.0299999999999931,0.9819999999999626,0.9840999999999572,0.9971999999999654,1.0122999999999671,1.0493999999999604,1.063599999999963,1.0274999999999739,1.026499999999979,1.0498999999999818,-0.07887941161084129,0.8772426026886068,0.8092876753694872,0.9042491375475825,0.9635060679836709,0.8030415485024225,0.932410645971996,0.9353248797423896,1.065560057437363,0.012519174322763942
0.51,0.9962242027744295,0.8178831174052607,0.812634700181048,0.6713934950378113,0.7157709279138162,0.24190971913833195,0.42937537038638407,0.8804077539640949,0.8950565818375908,0.9289837707239362,-0.07883436574822072,0.878168713418538,0.8102279089729975,0.9057259706936562,0.9651067879019295,0.8059527456961861,0.9351863308289485,0.9361688003630789,1.0667194822753403,0.013336240932577272
0.52,0.9959020120261387,0.8176186223261099,0.8121087092056666,0.6702631586369292,0.7130969260392587,0.24013542683554104,0.4283609383887519,0.8785635438617493,0.8946002800023037,0.9275677330689205,-0.07872940899241333,0.8802208861114756,0.8123099704311152,0.9090031563898092,0.9686164839717524,0.8123532867516291,0.9412933933488581,0.9380621215445166,1.0692926689706037,0.015018643364191358
0.53,0.9955562023358031,0.8171399943100096,0.8114040168468973,0.6690048653477618,0.710404494977119,0.23849404779301867,0.4272384876858554,0.8766927786404158,0.8939417149243197,0.9263651779405698,-0.07856005865660222,0.8834063458736287,0.815539983861639,0.9140964908774971,0.9740243194806876,0.8222400475172305,0.9507300158258309,0.9410213720248914,1.0732905822229717,0.017529006147657365
0.54,0.9951874579715476,0.8165219361264205,0.8105844145825482,0.667686016826714,0.7077401820570364,0.2369711182398044,0.42602901485256145,0.8748431915533261,0.8931426563373788,0.9252392141611436,-0.07832179584286057,0.8877303234862118,0.8199218956830646,0.921018734172263,0.9813189112870015,0.8356099032364525,0.963493333222879,0.9450561081261359,1.0787209661749901,0.020820196927303292
0.55,0.9947934913799094,0.8157626183681003,0.8096480570798091,0.6663004567692543,0.7050895213431937,0.23555332807610685,0.4247313963066399,0.8730040931320736,0.8922031399034239,0.9241560713189109,-0.07800987508684776,0.8931964626422745,0.8254579816329662,0.9297800590350057,0.9904885216895462,0.8524597316461019,0.9795794817191216,0.9501714948594008,1.0855890296121398,0.024858252657244593
0.56,0.9943716754807636,0.8148645422418419,0.8085970569921076,0.6648455907186193,0.702443191928492,0.23422883999388963,0.4233453141603867,0.8711675308439147,0.8911295542507046,0.9230853098255022,-0.07761933455644648,0.8998068176364455,0.8321488513057312,0.9403880506459411,1.0015211152858794,0.8727864160200014,0.9989836443174365,0.9563682686779907,1.09389746050665,0.029615612945303273
0.5700000000000001,0.9939194185837716,0.8138283332351958,0.8074318743909887,0.6633174506333998,0.699791223233238,0.23298709834112363,0.42186949346659586,0.8693255332875898,0.8899260635079014,0.9220047851457073,-0.07714491997483157,0.9075620987476399,0.8399937302992536,0.9528479523058788,1.0144045140504827,0.89658684811454,1.021700136306404,0.9636438534848563,1.1036468232567218,0.03507245255487173
0.58,0.9934341292164963,0.8126532763282184,0.8061517816781387,0.6617111765840555,0.6971233617663649,0.23181870818929648,0.4203019275970087,0.8674701998544196,0.8885951607136127,0.9208977242426769,-0.07658105101356985,0.9164618186725011,0.8489906268887456,0.9671628264007275,1.0291265070458535,0.9238579313372267,1.0477224932484988,0.9719929452593657,1.1148357913917721,0.04121530279344411
0.59,0.9929131774929223,0.811337497594335,0.8047550269716905,0.6600211445341915,0.6944291571800224,0.23071532254168445,0.41863999880142105,0.8655935675894753,0.8871379460666443,0.9197509013117914,-0.07592179684386836,0.9265044277695949,0.859136483539186,0.9833337087034939,1.0456749486696408,0.9545965838837662,1.0770435654227741,0.9814080101802422,1.1274613575466497,0.04803595233121786
0.6,0.9923538725832407,0.8098781217662465,0.8032389761653184,0.6582410749567359,0.6916980311050862,0.22966953903007858,0.41688059124882004,0.8636875417647059,0.8855543640328163,0.9185534346872338,-0.07516085945730983,0.9376874408661647,0.8704273164383306,1.001359758494802,1.0640378479685833,0.9887997418614873,1.1096556192112175,0.9918797118300665,1.1415190255300254,0.05553053863779624
0.61,0.9917534518412582,0.8082714096891382,0.8016002370172239,0.6563641276620589,0.688919333730947,0.22867480581877558,0.415020200770833,0.8617438666753968,0.8838434050672764,0.9172959927482155,-0.07429156358874431,0.9500075580507705,0.8828583458431943,1.021238406870348,1.0842034511407663,1.0264643624098768,1.1455504458966685,1.0033972810875762,1.1570029886437374,0.06369879408458641
0.62,0.9911090784301745,0.8065128780929528,0.7998347674339824,0.6543829859149801,0.6860823911984497,0.22772533629987718,0.4130550444240103,0.8597541206534649,0.8820032766980423,0.9159702698073534,-0.07330685230782585,0.9634607813370939,0.8964241194186172,1.0429655051510098,1.1061603189254268,1.0675874268224939,1.184719478269979,1.0159488394844043,1.1739062975223233,0.07254341763047875
0.63,0.9904178452703434,0.8045974042904281,0.7979379702977976,0.652289932632035,0.6831765465585907,0.22681603207525328,0.41098117258657785,0.8577097254375736,0.8800315486285688,0.9145686406201408,-0.07219928753462254,0.9780425286467036,0.9111186302481482,1.0665354749320026,1.129897400236426,1.1121659436680793,1.2271539153589666,1.0295216845347581,1.1922210200377341,0.08206954843728079
0.64,0.9896774284499059,0.8025129789537967,0.7958989659482987,0.6500711524419368,0.6801847407150516,0.22594236732481862,0.4087925988856248,0.8555974473893122,0.8779162436313241,0.9130853971989946,-0.07096107699636549,0.9937476892022259,0.926935362386192,1.0919414261849205,1.1554041203017247,1.1601969533686476,1.2728449189788913,1.0441021860446402,1.2119383002052906,0.0922784350988703
0.65,0.9888842460634597,0.8002619973603566,0.7937199785715372,0.6477261916628794,0.6771046761720476,0.22510047795203372,0.40648799334540103,0.8534151038547715,0.875664775238401,0.9115109452487404,-0.06958413650296122,1.0105706298193087,0.9438672821462581,1.119175235334535,1.18267040094587,1.2116775309774064,1.3217837189393096,1.0596755234864776,1.2330483348504528,0.10317125652044162
0.66,1.0179921026028518,0.9500458414179576,0.9494395651242277,0.9353991396785237,0.9392934775955168,0.9186245559534327,0.9688744138920742,0.9864546974798826,0.9993973043754792,1.02179836305122,-0.06805415421359742,1.0278374553707332,0.9612654396043872,1.1471393699274195,1.2103536630603315,1.262863364875381,1.3710994609912008,1.0756608449875886,1.2546282609915487,0.11441320020794372
0.67,1.017137687925971,0.9476885696179411,0.9473151711579454,0.933169900214286,0.9380110394230341,0.9152758583726894,0.9645391394295691,0.9854843479458828,0.997614434020108,1.0204599711574085,-0.06635743039377626,1.0454203510162399,0.9790119662705561,1.1755895980252749,1.2382074027624708,1.3129420475052431,1.4200693793557808,1.0919488111473294,1.2764911668482768,0.12606044212574463
0.68,1.0162274223817043,0.9452316059275583,0.9450943381034397,0.9307997304686336,0.9365504242157772,0.9117954974496589,0.9599579953467844,0.9843683239287224,0.9957954238356016,1.0189926066873463,-0.06448190444701092,1.063325481837558,0.9971159137324556,1.2045067577264659,1.2662464207654753,1.3618748176292423,1.4685902567920257,1.108546654242538,1.2986358979540784,0.13819043634159625
0.6900000000000001,1.0152640232755072,0.9426789744797426,0.9427814611572388,0.9283022928940458,0.9349215615543471,0.9082098789379556,0.9551712319080004,0.9831152371124859,0.993938957848632,1.0174073676581277,-0.06241532529137316,1.0815598058152833,1.0155868171642835,1.2338716877816913,1.2944857430082948,1.4096285166900964,1.5165660212633645,1.1254639281461223,1.3210628180969093,0.1508654647164364
0.7000000000000001,1.014250020237447,0.9400400461174073,0.9403861777482496,0.9256968987456232,0.9331413796345313,0.9045537069375081,0.9502269938722533,0.9817370266457417,0.9920515105573069,1.0157175002538879,-0.06014528071031882,1.1001312166046486,1.0344348029239245,1.263665839337007,1.3229407074341417,1.4561759815445419,1.5639088477474417,1.1427125882104798,1.3437738642671637,0.16414175201860248
0.71,1.0131884977565855,0.9373222172676001,0.9379161909630898,0.9230005393547527,0.9312241681660418,0.9008585053550383,0.9451705357628788,0.980244773499295,0.9901354205963733,1.0139367638849104,-0.057659201704436586,1.1190484914604228,1.0536705183545563,1.2938713660342214,1.351626808065596,1.5014959727638262,1.6105393982068723,1.16030703956654,1.3667724572421514,0.17807161182742137
0.72,1.0120830720633887,0.9345283778977092,0.9353748905148908,0.9202240835771905,0.9291782634666109,0.8971486539729808,0.9400395847626899,0.9786462943712101,0.988186714928017,1.0120788047213265,-0.054944514209679815,1.1383205987443963,1.0733043879935218,1.3244697964812846,1.3805591838772326,1.5455723903784397,1.65638533557581,1.178262279765621,1.3900628147152152,0.1926915990647847
0.73,1.0109369744441503,0.9316665984528347,0.9327706837762089,0.9173838849177333,0.9270185933418332,0.893455450599067,0.9348782952677461,0.9769524099730296,0.9862090350626415,1.01015637995628,-0.05198867860120703,1.1579566469307452,1.093346542257232,1.355442314902909,1.409752531408911,1.5883942348562554,1.7013817092989765,1.1965936137178481,1.413649792257151,0.20802963737067445
0.74,1.0097534288558265,0.9287453793890478,0.9301123890256988,0.9144963204762918,0.9247604910124727,0.8898098101855545,0.9297300540115182,0.9751740009770379,0.9842066628634851,1.0081813067665326,-0.04877920467087035,1.1779658199588965,1.1138067446469537,1.3867698594335913,1.4392209719413975,1.6299554178136597,1.745470955886345,1.2153165420329441,1.4375387692506323,0.2241073495816782
0.75,1.0085359300303924,0.9257697387795181,0.927405456498758,0.9115728139381971,0.9224145001083257,0.8862361476998725,0.9246311681490771,0.9733189304014178,0.9821793602217682,1.0061636082818326,-0.04530368186013705,1.1983572455297722,1.134694252087558,1.4184330618914023,1.4689778879859527,1.6702544702491533,1.7886026421737335,1.234446440959684,1.4617354738168342,0.24094070929178632
0.76,1.0072901080130816,0.922846859695554,0.9247488853526961,0.9087825045398396,0.920119642693977,0.8828932754480464,0.919792890755108,0.9714899410025576,0.9802095840584293,1.0041475676156422,-0.04154983882968806,1.2191397782216915,1.156017584495041,1.4504119994762459,1.499035771598844,1.7092942145887124,1.8307330028132407,1.2539978578216022,1.4862457332970462,0.25853644493164973
0.77,1.0060122768325923,0.9197997699876664,0.9219824089661632,0.905847623316389,0.9176578160522396,0.8795636718131653,0.9149259634709342,0.9695222403072218,0.9781625219543211,1.002075789261771,-0.037505438375298336,1.2403222947514938,1.1777848623384026,1.482687046489367,1.5294060954481428,1.7470815532286508,1.87182532431412,1.273985929741498,1.5110756774309988,0.2769119029220446
0.78,1.0047091058142994,0.9167265262146386,0.919196280744199,0.9029248474507866,0.9151558898683068,0.876390313663752,0.9102248252759004,0.9675103021148509,0.976109684932869,0.9999885307826779,-0.033158462472143324,1.2619130442061752,1.200003108105061,1.5152375161025993,1.5600992103427331,1.7836270184587684,1.911848445220592,1.2944238861863675,1.5362311705296385,0.29606223564290995
0.79,1.0033833530559615,0.9136347905653296,0.916398387404449,0.9000270165030382,0.9126268736541848,0.873395120384296,0.9057206660308886,0.9654631353895932,0.9740556795383858,0.9978927507755151,-0.028497038549303598,1.2839199124717005,1.222678550606787,1.5480425817564005,1.591124221752145,1.8189445668050819,1.9507772151684453,1.3153242081826217,1.5617179340929106,0.3159859189437104
0.8,1.0020376445876098,0.9105316157747358,0.9135959912787104,0.8971657192144684,0.9100826646004541,0.8705972806620917,0.901441118012361,0.9633890457961528,0.9720047333613173,0.9957945705852757,-0.02350946681786819,1.306350287093347,1.2458164974773172,1.581081069478935,1.6224889136953222,1.853051267173421,1.988591916798925,1.3366982321122023,1.5875414162807555,0.33667808122132803
0.81,1.000674473950365,0.9074234792307259,0.9107957548701139,0.8943513577458292,0.907534058816794,0.8680132464709184,0.8974102478463581,0.9612956884543308,0.969960693193252,0.9936993445290033,-0.01818423113328324,1.3292110030698328,1.269421296776938,1.6143314857785545,1.654199677536998,1.8859670266610593,2.025277909044623,1.358556035562865,1.6137067089153738,0.35813083064818757
0.8200000000000001,0.9992962059458655,0.9043162454188008,0.9080037019165063,0.8915931111887139,0.9049906857656014,0.8656566725024064,0.8936484884972162,0.9591900481339127,0.9679269681638839,0.991611725169442,-0.012510008207810099,1.3525082975318161,1.2934963099557635,1.6477720538839113,1.686261454785111,1.9177143342112617,2.0608252832415963,1.3809063467196323,1.6402184758441085,0.38033356199970225
0.8300000000000001,0.9979050834019642,0.9012151435120894,0.9052251938895866,0.8888989186629247,0.9024609672528393,0.8635384008144038,0.8901726275198377,0.9570784307291216,0.9659064874058093,0.9895357259122455,-0.006475675519764654,1.3762477721466764,1.3180438946413486,1.6813807567012207,1.7186776932081484,1.948318024086749,2.0952285373718578,1.4037564743336515,1.6670808915921862,0.40327323733273845
0.84,0.9965032361824759,0.8981247577980542,0.9024649196090171,0.8862754793563341,0.8999520982823057,0.861666484521019,0.8869958435764868,0.9549664643446143,0.9639016707868667,0.9874747797372322,-7.031820262641628e-05,1.4004343622981488,1.343065395958685,1.7151353853836078,1.7514503156193444,1.977805060485297,2.128486272870602,1.427112255892255,1.694297589393207,0.42693464332417097
0.85,0.9950926917256977,0.8950490287231044,0.8997268957499532,0.8837282670223842,0.8974700471423905,0.8600462446620688,0.8841277834735479,0.9528591083590263,0.9619144112478941,0.9854317934441602,0.006716764845395195,1.4250723121898248,1.3685611452230786,1.7490135926249895,1.7845797006903812,2.0062043439442263,2.160600917295833,1.4509780218476132,1.721871617771916,0.45130062768003143
0.86,0.9936753864685263,0.8919912625893133,0.8970144762774263,0.8812615568043684,0.8950195723476778,0.8586803549445022,0.8815746726246717,0.9507606690137534,0.9599460674026774,0.9834091972049366,0.013896055430530853,1.4501651551270076,1.394530464984404,1.7829929499909742,1.8180646751891372,2.0335465395765295,2.1915784750742406,1.475356573991793,1.7498054049432004,0.4763523167103821
0.87,0.9922531775956062,0.8889541482192337,0.8943303691260803,0.8788784626170905,0.8926042543405744,0.8575689496617981,0.879339452653646,0.9486748202814218,0.9579974651955262,0.9814089895111114,0.021477810947504693,1.4757156983388393,1.4209716795406524,1.8170510087776612,1.8519025170775465,2.0598639266529832,2.2214283075264682,1.5002491762911905,1.778100730381088,0.5020693159204757
0.88,0.9908278546406981,0.8859397791972173,0.8916766587395363,0.8765809836611879,0.8902265401464593,0.8567097507289242,0.8774219407405689,0.9466046289869342,0.9560689075602549,0.97943277781904,0.029472059548518763,1.5017260118089,1.4478821301757543,1.8511653640423333,1.8860889689509248,2.085190268592014,2.250162942449977,1.5256555567100607,1.8067587029992649,0.5284298952764642
0.89,0.9894011505558443,0.882949680583152,0.8890548333737157,0.8743700589548028,0.8878877994495662,0.8560982103871275,0.8758190062266462,0.9445525833715928,0.9541601911726945,0.9774818153452409,0.03788859549807014,1.5281974206848368,1.4752581945078724,1.885313721575164,1.9206182613439697,2.1095607020402034,2.277797912705822,1.5515739187585766,1.835779745467745,0.5554111606498421
0.9,0.9879747519494299,0.8799848392642708,0.8864658163392392,0.8722456290281193,0.8855883908000105,0.8557276667082544,0.8745247608750994,0.942520624496583,0.9522706295284267,0.9755570345643497,0.04673697464219133,1.5551305009336516,1.503095309456886,1.9194739676763788,1.9554831454666977,2.1330116434176953,2.3043516225197123,1.57800096169259,1.8651635842665168,0.5829892128182579
0.91,0.9865503082743541,0.8770457373526368,0.8839100005989263,0.8702067041300917,0.8833277368633174,0.8555895095425285,0.8735307599975853,0.9405101800670876,0.950399081700911,0.9736590780205849,0.0560265099453591,1.5825250779968978,1.5313879974511304,1.9536242416679561,1.9906749349624582,2.155580711060109,2.329845239567857,1.6049319084680205,1.8949092451443086,0.6111392952931584
0.92,0.9851294398205228,0.8741323882425451,0.8813872863397341,0.868251438439111,0.8811044077748861,0.8556733549925818,0.8728262123663231,0.9385222004154573,0.9485439862366628,0.9717883270870802,0.06576626706991523,1.6103802282776816,1.5601298955917808,1.9877430111028982,2.026183556297275,2.1773066609072624,2.354302610372668,1.6323605407105426,1.9250150537074273,0.6398359321507903
0.93,0.9837137444306664,0.8712443751083208,0.8788971212989174,0.8663772098496614,0.8789162117590323,0.8559672268510746,0.8723981974197996,0.9365571965062907,0.9467033997196642,0.9699449293004047,0.07596505999159471,1.6386942833576121,1.5893137875770462,2.0218091496391586,2.0619976073934625,2.1982293335643606,2.3777501960799086,1.6602792400996709,1.9554786409087532,0.6690530569575419
0.9400000000000001,0.9823048029146607,0.8683808917457615,0.8764385437388814,0.8645807049274629,0.8767602922150723,0.856457743705103,0.8722318887205294,0.9346152799147359,0.9448750395842089,0.968128824863698,0.08663144666073785,1.667464836895761,1.6189316382565888,2.0558020175210903,2.098104424109937,2.218389610488862,2.400217025324678,1.6886790356844292,1.9862969532396102,0.6987641337999034
0.9500000000000001,0.9809041831848573,0.865540785738664,0.8740102280332092,0.8628580085910366,0.8746332304638228,0.8571303105875574,0.8723107829302552,0.9326962047804495,0.9430563307732697,0.966339772854169,0.09777372473218106,1.6966887542026745,1.6489746307386985,2.0897015445611338,2.134490154146834,2.237829377031717,2.4217346606164,1.7175496567450022,2.0174662674470683,0.7289422713506039
0.96,0.9795134431736849,0.8627226039659549,0.8716105328486924,0.8612046979950574,0.872531153292023,0.8579693141471771,0.8726169337311446,0.9307994117535725,0.941244455829065,0.9645773775920814,0.10939992739778635,1.7263621845101895,1.6794332060085073,2.1234883154414512,2.1711398379137132,2.256591490081239,2.4423371744808433,1.74687959089092,2.048982209606349,0.7595603308236852
0.97,0.9781341326251874,0.8599246404571005,0.86923755188754,0.8596159399691796,0.8704498443370692,0.8589583203220175,0.8731311901470002,0.9289240739274286,0.939436407966284,0.9628411155317317,0.12151781936427332,1.756480575972216,1.7102971050351197,2.1571436570630462,2.2080374958501667,2.274719748117784,2.4620611314889445,1.7766561471416344,2.080839778372859,0.790591028590892
0.98,0.9767677938747487,0.8571449865572521,0.8668891670946233,0.8580865912156613,0.8683848582296263,0.860080273445308,0.8738334386179132,0.9270691446985666,0.9376290466203357,0.9611303629236184,0.13413489302562126,1.7870386934331313,1.7415554133495077,2.1906497275628967,2.245166221627097,2.292258861584321,2.48094557227691,1.8068655237704347,2.113033372221949,0.8220070341488223
0.99,0.97541596174647,0.8543815832840013,0.8645631041423634,0.8566113003017746,0.8663316362683102,0.8613176956006101,0.8747028479719198,0.9252334074126526,0.9358191548882362,0.9594444243746604,0.1472583648838799,1.8180306389895815,1.773196608064333,2.223989606502573,2.2825082805889068,2.309254421608463,2.4990319957190246,1.8374928807084603,2.145556820458018,0.8537810640403692
1.0,0.9740801627060994,0.8516322756510238,0.8622569898878967,0.8551846103112924,0.8642856222511575,0.8626528848895908,0.8757181161394797,0.9234155265503465,0.934003498194744,0.9577825623043353,0.1608951722749818,1.849449875349239,1.8052086072828124,2.257147385609928,2.3200452127243953,2.3257528652722335,2.516364335552815,1.8685224163034917,2.178403417739789,0.8858859722450845
1.01,0.9727619134096558,0.8488948686078057,0.8599684113617597,0.8538010608563738,0.8622423769461514,0.8640681110971069,0.8768577170964669,0.9216141000875168,0.9321788834283424,0.956144027163787,0.1750519704571241,1.8812892519577549,1.8375788218080353,2.2901082593342466,2.357757939380693,2.3418014358133163,2.5329889279739346,1.8999374482099756,2.2115659618273726,0.9182948374617266
1.02,0.971462718784576,0.8461671841075991,0.8576949757038488,0.8524552880100419,0.860197689561065,0.8655458070523875,0.87810014612741,0.9198277125367725,0.9303422177084067,0.9545280881576621,0.18973513011862747,1.9135410338242496,1.8702942090188395,2.3228586143603107,2.395626872863819,2.357448136352,2.5489544670124684,1.931720498154492,2.2450367942114404,0.9509810476133879
1.03,0.9701840697720927,0.8434471186770641,0.8554343703207242,0.8511421206126273,0.8581476844840711,0.867068753810253,0.8794241611038709,0.9180549880508335,0.9284905658743875,0.9529340640903745,0.2049507353599752,1.9461969329281625,1.9033413287257412,2.3553861171237367,2.4336320280050754,2.372741675967543,2.5643119448687637,1.963853380277111,2.2788078432378134,0.9839183818125214
1.04,0.968927440847347,0.8407327007303304,0.8531844224086227,0.849856671344187,0.8560889215226937,0.868620257630497,0.880809017104661,0.9162946428514139,0.9266212057376217,0.9513613538553394,0.22070458220110276,1.9792481420381551,1.936706400763223,2.3876797982839824,2.471753134718317,2.387731407191897,2.5791145748187305,1.9963172926965935,2.312870669294694,1.017081089931653
1.05,0.9676942874183486,0.8380221467570379,0.8509431568785694,0.8485944209482736,0.8540184878793637,0.8701843166336943,0.8822346913962371,0.9145455361487597,0.9247316801133525,0.9498094660029379,0.23700217766000692,2.012685370719418,1.970375364015632,2.419730133047342,2.5099697505325453,2.4024672542430148,2.5934176947871665,2.0290929118893013,2.347216511587099,1.0504439698374572
1.06,0.9664860431872441,0.8353139154272783,0.8487088516428348,0.8473512940469413,0.8519340801740902,0.8717457749725247,0.8836820955716443,0.9128067186446315,0.9228198446601451,0.9482780467653613,0.2538487394425981,2.046498883251524,2.004333936516011,2.4515291161941875,2.548261372060423,2.416999631579368,2.607278650221743,2.062160489411213,2.381836335986366,1.0839824422633622
1.07,0.9653041175383764,0.8326067586039884,0.8464800891830965,0.8461237251058072,0.8498340749622204,0.8732904623909548,0.8851332715394985,0.911077477672227,0.9208839105999251,0.9467669058877832,0.2712491962764343,2.0806785381274304,2.0385676762032734,2.4830703306558095,2.5866075443586736,2.431379352616767,2.620756655466672,2.095499950433006,2.4167208834141736,1.1176726232209961
1.08,0.96414989299838,0.8298997682413691,0.8442558033257063,0.84490871329077,0.8477175863977384,0.8748053171571094,0.8865715680792923,0.9093573780253141,0.9189224814758872,0.9452760396179861,0.28920818891284955,2.115213828757754,2.0730620418760504,2.5143490085085145,2.624987967152777,2.4456575287027893,2.6339126334183374,2.1290909935030298,2.451860718202251,1.1514913937856759
1.09,0.9630247227949849,0.827192418180093,0.8420353202014367,0.8437038652001165,0.8455845099557303,0.8762784905526355,0.8879817948473063,0.9076462975687545,0.9169345832268067,0.9438056502413147,0.30773007181307643,2.1500939249652813,2.1078024538438007,2.5453620833069914,2.6633825969368803,2.4598854586879844,2.6468090338287444,2.16291319090539,2.4872462758625438,1.1854164670375662
1.1,0.9619299285242617,0.8244845999277112,0.8398183924663397,0.8425074247487706,0.8434355514432375,0.8776994313800809,0.889350351031443,0.9059444568041263,0.9149196870114843,0.9423561616136812,0.3268189155245543,2.185307714824813,2.1427743537496244,2.576108232764797,2.70177174402046,2.4741145096615678,2.6595096311890267,2.196946088943062,2.522867909708961,1.2194264518995412
1.11,0.9608667979214972,0.8217766516341245,0.8376052260041734,0.8413182898133461,0.8412722408835434,0.8790589493033677,0.8906653263072806,0.9042524416853416,0.9128777244005823,0.9409282302393727,0.34647850974388056,2.2208438463845215,2.1779632630262524,2.606587910905336,2.7401361636752135,2.4883959896278918,2.672079303657056,2.2311693074514265,2.558715935791562,1.253500913586166
1.12,0.959836582719422,0.8190693796328419,0.8353964985136687,0.8401360156025196,0.8390969312398671,0.880349256253123,0.8919165723263968,0.9025712191353447,0.9108090947571588,0.9395227515580643,0.36671236705303917,2.2566907687981343,2.2133548394481473,2.636803368948676,2.7784571406370735,2.5027810130845976,2.684583794973918,2.2655626378376654,2.594780675636987,1.287620430366016
1.1300000000000001,0.958840496569502,0.8163640721119398,0.8331933695975602,0.8389608050801485,0.8369127823331145,0.8815639855923604,0.8930957436480186,0.9009021448993607,0.9087146648424889,0.9381408612406946,0.3875237273058693,2.292836772403149,2.248934931258882,2.6667586643637686,2.8167165663365408,2.5173203606205825,2.6970894617289627,2.3001061389473203,2.631052496334397,1.3217666463416469
1.1400000000000001,0.9578797129976854,0.8136625046948427,0.8309974822044072,0.8377934871208087,0.83472373068645,0.8826981892295312,0.894196307775893,0.8992469635738974,0.906595760899893,0.9367839314396152,0.4089155626324509,2.3292700272989757,2.2846896283839264,2.696459657696748,2.8548970083623257,2.5320643337792075,2.7096630086700233,2.3347802300813956,2.667521847562911,1.3559223199671444
1.1500000000000001,0.9569553633653012,0.8109669379394623,0.8288109555171795,0.8366354834016868,0.8325344463789521,0.8837483133637882,0.8952135247484967,0.8976078008638643,0.9044541536757579,0.9354535620871076,0.43089058302039496,2.3659786200099644,2.320605310283701,2.725913996978174,2.8929817718046733,2.547062606527795,2.7223712150054222,2.3695657805254644,2.704179295222724,1.3900713680510504
1.16,0.9560685348084496,0.8082801069931332,0.8266363696220119,0.835488765315413,0.8303502782950425,0.8847121540293668,0.896144397514295,0.8959871483320277,0.9022920370235974,0.9341515674802863,0.4534512424241575,2.40295058786061,2.356668690058896,2.755131089708933,2.930954952271469,2.5623640747377405,2.7352806548021706,2.4044441950052544,2.741015551405585,1.4241989050307862
1.17,0.9552202681347111,0.8056052038584617,0.8244767425144683,0.8343558024125789,0.8281771894020348,0.8855887940509697,0.896987595066767,0.8943878411053175,0.9001120008950749,0.932879958522515,0.4765997453465949,2.440173950742518,2.392866854487562,2.7841220626197205,2.968801480517809,2.578016705110586,2.7484574146490908,2.439397494549493,2.7780215005187254,1.458291277351253
1.18,0.9544115556636984,0.8029458529209252,0.8223355001982443,0.8332395040410807,0.8260216838649532,0.8863785234107897,0.897743350980984,0.8928130291816264,0.8979169996443485,0.9316409211056225,0.5003380538312356,2.477636740012862,2.429187299749026,2.812899709586473,3.006507158773915,2.5940673849853693,2.7619668117270684,2.4744083923181166,2.815188221456926,1.4923360928326825
1.19,0.95364333900709,0.8003060805534411,0.8202164407934665,0.8321431559370949,0.823890727910048,0.8870827453445833,0.8984133405543461,0.8912661431308906,0.8957103166542071,0.9304367912086857,0.5246678947992038,2.515327024330155,2.465617962670535,2.8414784282581955,3.044058688993043,2.6105617744333696,2.7758731153175384,2.509460364039593,2.8525070057977437,1.5263222449684017
1.2,0.9529165067935457,0.7976902797392647,0.8181236936921125,0.8310703535387604,0.8217916663749983,0.8877038707175943,0.8990005401853548,0.8897508550994926,0.8934955263320246,0.9292700273549265,0.5495907676615216,2.5532329323026652,2.502147247415997,2.8698741461096207,3.0814436933667677,2.627544161990628,2.790239274594193,2.544537712792097,2.8899693720723825,1.5602399321494633
1.21,0.9522318923535373,0.7951031707378913,0.8160616748727635,0.8300249337421195,0.8197321368379857,0.8882452033745575,0.8995090729108889,0.8882710361039117,0.891276454521016,0.9281431811069055,0.5751079521355883,2.591342671895556,2.5387640476193356,2.8981042367651937,3.118650727566908,2.6450573252996996,2.8051266552937886,2.5796256279564487,2.9275670762371098,1.5940806718675702
1.22,0.951590271387889,0.7925497588575398,0.8140350395151328,0.8290109067069444,0.8177199831068712,0.8887108192099654,0.8999440441581721,0.886830710637029,0.8890571383303285,0.9270588662920977,0.6012205161940518,2.6296445466124325,2.5754577640453236,2.9261874275503126,3.155669287269104,2.663142397833532,2.820594787563676,2.6147102382610097,2.9652921185355314,1.6278373099983188
1.23,0.9509923596512138,0.7900352903932315,0.8120486330384019,0.8280323891579945,0.8157631696841786,0.8891054416685935,0.9003113717551233,0.8854340096098667,0.8868417863110457,0.926019727637906,0.6279293240748944,2.66812696853344,2.6122183179358665,2.9541436993089887,3.19248980859124,2.6818387427602106,2.836701126951125,2.6497786589272003,3.0031367469989734,1.6615040253116187
1.24,0.9504388106869667,0.7875652077449132,0.8101074416307442,0.8270935404273801,0.8138696986161679,0.8894343162695385,0.9006176140926322,0.8840851226161677,0.8846347398005466,0.9250284094602768,0.6552350442833418,2.7067784683535745,2.6490361602675665,2.9819941795836447,3.229103663139882,2.701183834881576,2.8535008301475075,2.684819033006259,3.041093457879602,1.6950763293938325
1.25,0.9499302136543085,0.7851451046509524,0.8082165432466851,0.8261985022593511,0.8120475298990234,0.8897030865608053,0.9008698000619445,0.8827882504421213,0.8824404361322357,0.9240875249972854,0.6831381575190041,2.745587702619929,2.6859022772054986,3.009761030283218,3.2655031483996186,2.72121315144543,2.8710465467433806,2.719820567071192,3.079154993348102,1.7285510621958
1.26,0.9494670912883204,0.7827806823654915,0.806381059931766,0.8253513431632911,0.8103045063661163,0.8899176736693553,0.9010752640221608,0.8815475586548689,0.88026337426922,0.9231996269128246,0.7116389644653451,2.784543458414266,2.7228081920873097,3.0374673309714826,3.301681474224357,2.741960072494002,2.889388227901441,2.754773561490652,3.117314336814604,1.7619263834418877
1.27,0.9490498980343611,0.7804777074813769,0.8046061121985657,0.8245560078664954,0.8086482837309162,0.8900841613285012,0.9012414886124924,0.8803671329979057,0.8781080832767132,0.9223671794204362,0.7407375933829988,2.823634655766758,2.7597459643103757,3.0651369588907853,3.337632746197345,2.763455791274122,2.9085729525246187,2.7896694355626073,3.155564706248265,1.7952017601475185
1.28,0.94867901839482,0.7782419719615726,0.8028967760327893,0.8238162721962178,0.8070862662221341,0.8902086879560077,0.9013759577381757,0.8792509372060244,0.8759790939058071,0.9215925323978564,0.7704340074534554,2.862850348117769,2.7967081855226006,3.0927944667998455,3.3733519466195108,2.78572923510023,2.928644771195405,2.82450074782424,3.1938995458780717,1.8283779504965167
1.29,0.9483547655224024,0.7760792557988687,0.8012580429607863,0.8231357035193934,0.8056255480309082,0.8902973470371052,0.9014860215541848,0.8782027737334723,0.8738809134268701,0.9208778977829725,0.8007280118250648,2.9021797211671707,2.83368797353474,3.1204649596510685,3.408834913865389,2.8088069969326246,2.949644567896884,2.8592612118803475,3.232312516655858,1.8614569843257298
1.3,0.9480773800888501,0.7739952925832306,0.7996947834673964,0.8225176266947454,0.8042728606015559,0.8903560967504575,0.9015787747712868,0.8772262477723098,0.8718180037290487,0.9202253284650149,0.8316192603190036,2.9416120904652443,2.8706789643792856,3.1481739710661287,3.4440783208143797,2.8327132778124544,2.9716099393005333,2.8939457081057576,3.270797485853226,1.8944421404535625
1.31,0.9478470294520059,0.7719957381242164,0.7982117139212885,0.821965095349792,0.8030345256424666,0.8903906794735686,0.9016609491355673,0.8763247348283424,0.8697947625967052,0.9196366998135986,0.8631072617586782,2.981136898106266,2.9076753029388853,3.1759473404917395,3.479079653024237,2.8574698401834606,2.994575091223141,2.9285502915784325,3.3093485161482348,1.927337921072387
1.32,0.9476638071377632,0.7700861421571893,0.7968133670483326,0.8214808681863551,0.8019164136145017,0.8904065515266375,0.9017388205022027,0.8755013520230889,0.8678155079863595,0.9191136939245674,0.8951913858918863,3.0207437088862035,2.9446716325567817,3.203811091833732,3.513837187265304,2.8830959720296767,3.0185707517156977,2.963072196589952,3.347959854536511,1.9601500234034481
1.33,0.9475277326471112,0.7682719230598817,0.7955040658950085,0.8210673899423195,0.8009239073710163,0.8904088232674777,0.9018181305494245,0.8747589332045898,0.8658844650597535,0.9186577866066447,0.9278708688807967,3.0604222062803625,2.981663084024086,3.231791314279678,3.5483499709798862,2.9096084616687645,3.043624100149571,2.9975098380599765,3.3866259213761105,1.9928853087880274
1.34,0.9474387515924261,0.7665583454222775,0.7942879011451066,0.8207267765927475,0.8000618705747901,0.8904022094392884,0.901904022867135,0.8741000078787258,0.8640057556799617,0.9182702370871172,0.9611448183403741,3.100162188586315,3.0186452643148365,3.2599140459310894,3.5826178031725386,2.9370215829627933,3.0697587116070677,3.0318628101524707,3.4253412998471484,2.025551769361601
1.35,0.9473967361616719,0.7649505002486015,0.7931687115943669,0.820460804356929,0.7993346204997465,0.8903909895001422,0.9020009929100421,0.8735267839165289,0.8621833900470548,0.917952080378074,0.995012217911169,3.1399535655628186,3.055614245410984,3.2882051607779506,3.6166412171753684,2.9653470906418407,3.0969945158608563,3.0661318823552133,3.464100726076919,2.058158492429601
1.36,0.9474014859043721,0.7634532875252611,0.7921500675486802,0.8202709020855362,0.7987459048353717,0.8903789775281995,0.9021128511271062,0.8730411339511019,0.8604212601360239,0.9177041222165309,1.0294719313573797,3.1797863558776767,3.092566553526679,3.3166902594629755,3.650421465668504,2.994594225380475,3.1253477702351553,3.100318993242014,3.5028990801499886,2.0907156226353654
1.37,0.9474527288292128,0.7620714008618419,0.7912352568905504,0.8201581466293905,0.7982988821446493,0.8903695011983837,0.9022426984638349,0.8726445853490554,0.8587231346005056,0.9175269364711724,1.0645227061857354,3.2196506856573035,3.129499159005583,3.3453945642021052,3.6839605082704954,3.024769728222205,3.1548310456760587,3.1344272420904646,3.541731378191241,2.1232343219839023
1.3800000000000001,0.9475501227999602,0.760809313902106,0.7904272735537115,0.8201232608337772,0.7979961056772276,0.8903653892616874,0.9023929133752914,0.8723383136240394,0.8570926548188978,0.9174208648943243,1.1001631767849935,3.2595367884088717,3.166409467127228,3.3743428181526167,3.7172610019470493,3.0558778639115403,3.1854532254135903,3.1684608784784674,3.5805927656788246,2.1557267277600762
1.3900000000000001,0.9476932572139386,0.7596712682062763,0.7897288081546259,0.8201666138553302,0.7978395103035592,0.8903689669234849,0.9025651494772773,0.8721231391519227,0.8555333317824564,0.9173860190888679,1.136391867089723,3.299435006562916,3.2032953100195303,3.403559189451668,3.750326294419519,3.0879204526663644,3.2172195156687526,3.20242528993164,3.6194785121138624,2.1882059083576046
1.4000000000000001,0.9478816549456013,0.7586612623224149,0.7891422405494501,0.8202882235579861,0.7978304024082465,0.8903820585076506,0.9027603429916407,0.8719995270462049,0.8540485435554761,0.9174222845548509,1.1732071927755177,3.339335794860585,3.2401549398350777,3.4330671800867925,3.7831604206871523,3.120896909903828,3.2501314679397,3.2363269876422325,3.6583840071450027,2.2206858170163586
1.41,0.9481147745365257,0.7577830417910004,0.788669634113221,0.8204877608066147,0.7979694526573987,0.8904059968038703,0.9029787291988227,0.871967590056031,0.852641533073574,0.917529326678265,1.2106074629958665,3.379229725785725,3.2769870233092795,3.4628895397061212,3.815768102709331,3.1548042934198035,3.2841870124873194,3.270173590229771,3.697304758218741,2.2531812434505283
1.42,0.9483920126124052,0.7570400898604454,0.7883127315718166,0.8207645555382448,0.7982566916314872,0.8904416385212195,0.9032198671864183,0.8720270943555027,0.8513154060853548,0.9177065985237464,1.248590881673641,3.4191074972178535,3.3137906377794497,3.4930481844300467,3.8481547522260118,3.1896373575140786,3.3193805027271903,3.303973805465367,3.736236389800988,2.2857077633395777
1.43,0.9487127065070908,0.7564356187299898,0.7880729522541848,0.8211176045485297,0.7986915083884305,0.8904893853067194,0.9034826722666979,0.8721774680997392,0.850073129083614,0.9179533502926979,1.2871555483625174,3.4589599424580166,3.3505652687056444,3.523564120687662,3.8803264766263106,3.2253886135498635,3.355702770317896,3.3377374098366204,3.775174644191744,2.318281685647889
1.44,0.9490761370733154,0.7559725611779546,0.7879513906700287,0.8215455809827236,0.7992726520882261,0.8905492098284742,0.9037654555196004,0.8724178126285347,0.8489175271131705,0.9182686403077658,1.3262994586956882,3.4987780427555064,3.387310808697002,3.5544573740703513,3.9122900877067925,3.2620483964359788,3.3931411908110443,3.3714752257893603,3.814115383932959,2.350919997737819
1.45,0.9494815316592732,0.7556535624758111,0.7879488163545232,0.8220468455640858,0.7999982368675984,0.8906206864645521,0.9040659699923219,0.872746916200869,0.8478512813820589,0.918651347382922,1.3660205044409532,3.538552942439478,3.4240275580116757,3.585746923171114,3.94405311309273,3.2996049365224347,3.431679759792664,3.405199096446955,3.853054595789631,2.383640308244561
1.46,0.949928067229626,0.7554809725301176,0.7880656749548339,0.8226194596266349,0.8008657501983802,0.8907030261772317,0.9043814631453911,0.8731632701417132,0.8468769266400515,0.9191001844352003,1.406316473182719,3.5782759667355553,3.4607162264644193,3.6174506383611673,3.9756238100276784,3.3380444364044175,3.4712991794959187,3.4389218575785483,3.8919883962659525,2.4164607876898425
1.47,0.9504148736086508,0.7554568382335597,0.7883020905616306,0.8232612000424075,0.8018720649945228,0.8907951151841088,0.9047087351724081,0.8736650872756151,0.8459968483223246,0.9196137131890214,1.4471850476526418,3.6179386423234776,3.4973779366437725,3.649585225444611,4.007011181169646,3.3773511521353576,3.5119769558987137,3.472657306565044,3.930913038601645,2.4494001068248736
1.48,0.9509410368221072,0.7555828960417682,0.7886578693111069,0.8239695761449151,0.8030134557479494,0.8908955570602394,0.9050442028323746,0.8742503225088837,0.8452132794857008,0.9201903598169424,1.488623804731603,3.657532720667571,3.5340142283107454,3.682166174126986,4.0382249919666044,3.417507478356495,3.55368750633482,3.5064201680966813,3.96982492117862,2.4824773727110276
1.49,0.951505602512986,0.75586056482322,0.7891325042982575,0.824741848749879,0.8042856189714204,0.8910027179169631,0.9053839684174548,0.8749166954036407,0.8445282975896302,0.9208284313516707,1.5306302141464723,3.6970502041272617,3.5706270638232427,3.71520771123378,4.069275789120828,3.4584940368578234,3.596402277642046,3.5402260563292063,4.008720597254544,2.5157120625691087
1.5,0.9521075794046046,0.7562909390544524,0.7897251818495699,0.8255750513613747,0.8056836982061217,0.8911147743021405,0.9057238934343446,0.8756617145628177,0.8439438211933425,0.9215261326935761,1.5732016368856891,3.7364833748298483,3.6072188344053426,3.748722758619844,4.100174919591672,3.500289768093473,3.6400898748448656,3.574091433227403,4.047596785927834,2.549123955454433
1.51,0.9527459427826704,0.7568747824515335,0.790434789202524,0.8264660136264416,0.8072023138121859,0.8912297634528296,0.9060596765053903,0.8764827036159353,0.8434616066539912,0.9222815840262214,1.6163353233581115,3.775824826262268,3.6437923670583423,3.782722895719551,4.13093454953099,3.5428720251834256,3.684716200321443,3.608033562835433,4.086450384228026,2.5827330618448623
1.52,0.9534196379660049,0.7576125221408351,0.7912599236303309,0.8274113870646126,0.8088355977017399,0.8913456355053406,0.9063869348989583,0.8773768285622308,0.8430832449178827,0.9230928384402589,1.660028411319852,3.8150674975125582,3.680350931891341,3.8172183266997313,4.161567682495905,3.5862166699430675,3.730244603336606,3.642070461233257,4.125278480216303,2.6165595512617776
1.53,0.9541275837338056,0.7585042434777217,0.7921989030335135,0.8284076730517275,0.8105772330969638,0.8914603072304282,0.9067012889818538,0.8783411261917934,0.8428101584979487,0.923957899554293,1.7042779235939716,3.8542047100651398,3.7168982496334206,3.8522178521923047,4.192088176241391,3.6302981704926287,3.776636039734008,3.676220841967314,4.164078366973351,2.6506236780791945
1.54,0.9548686756757793,0.7595496856210222,0.7932497779960086,0.8294512529811819,0.8124204993012584,0.8915717168150508,0.9069984487557773,0.8793725332684985,0.8426435987255827,0.9248747389108957,1.7490807656079324,3.8932302070269458,3.7534384990774377,3.887728845600253,4.2225107573617695,3.6750897000103047,3.823849241474363,3.7105040567814855,4.202847557345603,2.6849457057130377
1.55,0.9556417894304016,0.7607482379647341,0.7944103452734974,0.8305384204623671,0.814358321362099,0.8916778791594505,0.9072743015021283,0.8804679161227119,0.8425846433542307,0.925841312917971,1.7944337227736629,3.932138194633823,3.7899763241972826,3.92375723398847,4.252851033027191,3.72056323620599,3.8718408955847714,3.7449400315207333,4.241583799316432,2.7195458294202144
1.56,0.956445783776157,0.7620989375171929,0.7956781626471391,0.8316654153476158,0.81638332438232,0.891776941102552,0.9075249994231064,0.8816241002690798,0.8426341945762031,0.926855579101142,1.8403334577349135,3.970923385858682,3.826516840676394,3.960307483589221,4.2831254990500165,3.7666896611074536,3.920565831950044,3.7795491971340462,4.280285091866066,2.7544440979747264
1.57,0.9572795035410715,0.7636004673030845,0.797050565038537,0.8328284593081277,0.8184878921061126,0.8918672359336122,0.9077470460407171,0.8828378996375253,0.8427929774940053,0.9279155114328305,1.8867765075063676,4.009581045914582,3.863065641585504,3.997382589969646,4.313351543518037,3.81343886076756,3.9699772192344978,3.814352415764633,4.31894970118284,2.7896603345247146
1.58,0.9581417822973396,0.7652511558465446,0.7985246817435423,0.8340237926088717,0.8206642292712701,0.8919473364977234,0.9079373800077989,0.8841061449859526,0.8430615390640421,0.9290191145091173,1.9337592805286492,4.048107039417546,3.899628801952028,4.034984072925057,4.343547445247827,3.8607798245201574,4.020026768076548,3.84937090198254,4.357576177089074,2.825214056969113
1.59,0.9590314448104813,0.7670489777757006,0.8000974546056048,0.8352477116653042,0.8229044270851545,0.8920161061611975,0.9080934549049536,0.8854257110532264,0.8434402475051775,0.9301644363570408,1.9812780536630066,4.086497878945411,3.9362128819722546,4.073111976175957,4.373732366343075,3.9086807434335578,4.070664940553369,3.884626139286828,4.396163369547242,2.8611243982246473
1.6,0.959947309216337,0.76899155557189,0.8017656569158281,0.8364966069038755,0.8252005310537573,0.8920727468738807,0.9082133135517318,0.8867935420123629,0.843929292138718,0.9313495796731857,2.0293289691489953,4.124750774700699,3.9728249286303168,4.111764871957838,4.4039263381899225,3.9571091076343046,4.121841164774394,3.920139792079586,4.43471044511616,2.8974100267822895
1.61,0.9608881889042984,0.7710761624719424,0.8035259127988584,0.8377670003964806,0.8275446102766416,0.8921168435525411,0.9082956553557583,0.8882066747978649,0.8445286836014714,0.9325727113193538,2.077908031548001,4.162863684957358,4.009472475504643,4.150939870600209,4.4341502402843,4.006031802200166,4.173504053335626,3.955933613390841,4.473216903232595,2.9340890679762395
1.62,0.9618528940914554,0.7732997265206618,0.8053747168228967,0.8390555826988053,0.8299288272207846,0.8921484040152634,0.908339895263842,0.8896622599084079,0.8452382543511298,0.9338320699325943,2.1270111046948816,4.2008353669434815,4.046163540562851,4.190632635194251,4.464425771364497,4.055415201349952,4.225601624257036,3.992029348710099,4.511682592200801,2.971179026407314
1.6300000000000001,0.9628402330796186,0.7756588357639693,0.8073084535600128,0.8403592482959411,0.832345506908348,0.8921678937232455,0.9083462129666082,0.8911575793267147,0.8460576593647444,0.9351259715442534,2.1766339086794075,4.238665427784874,4.082906621769326,4.230837401446462,4.494775412414896,4.105225260688751,4.2780815229374385,4.02844863635509,4.550107724780766,3.0086967099757063
1.6400000000000001,0.9638490131953038,0.7781497445717653,0.809323416820474,0.8416751290472565,0.8347872044014725,0.8921762646342859,0.9083155911425094,0.8926900612518031,0.8469863769178289,0.9364528131450218,2.226772016878545,4.276354375107725,4.119710690355588,4.271547002808148,4.5252223812124726,4.155427607300285,4.330891243599571,4.065212904879556,4.588492893275204,3.0466581559850012
1.6500000000000001,0.9648780414213962,0.7807683810835303,0.8114158282923993,0.8430006250271768,0.837246769444547,0.8921749775414014,0.9082498417054244,0.8942572914035016,0.8480237093245486,0.9378110741788346,2.277420853059933,4.313903666872833,4.156585181631238,4.31275290095748,4.555790578204539,4.205987627513067,4.383978348665996,4.10234326808796,4.626839084025087,3.085078559779863
1.6600000000000001,0.9659261247380527,0.7835103557787102,0.8135818553355473,0.844333432179383,0.839717407133209,0.8921660173589683,0.90815161923733,0.895857020733257,0.8491687835192753,0.939199315996295,2.328575688576191,4.351315759989007,4.193539983242233,4.354445221691918,4.586504523631813,4.256870552203645,4.437290684506513,4.139860418284319,4.665147691233555,3.1239722063738866
1.67,0.9669920701990481,0.786370971187122,0.8158176277046593,0.8456715662385602,0.8421927335203617,0.892151900925196,0.9080244210365771,0.8974871694562547,0.8504205513667242,0.9406161793462361,2.380231639668968,4.388594157229593,4.2305854208126785,4.396612796264331,4.617389285942688,4.308041539537998,4.490776592031202,4.177784518433604,4.703420530047789,3.1633524055118016
1.68,0.968074684777834,0.7893452327705524,0.8181192530121086,0.8470133824249451,0.844666825142136,0.8921356770102226,0.907872573484133,0.8991458274047753,0.8517777896018285,0.9420603800301417,2.432383664900857,4.425743451953964,4.267732240935584,4.43924320816636,4.648470401679552,4.359465755090859,4.544385110670234,4.216135093956358,4.7416598488376005,3.2032314305918836
1.69,0.9691727750246818,0.7924278610237073,0.820482830779938,0.8483575904808898,0.8471342615490839,0.892120918349635,0.9077012047148354,0.9008312507883678,0.8532390993208847,0.9435307028865906,2.4850265627325268,4.462769370115473,4.304991591506498,4.482322845328211,4.679773787153018,4.4111084493219535,4.598066174380981,4.2549309249093925,4.7798683406175755,3.243620461850514
1.7,0.9702851465820197,0.7956133048584949,0.8229044649754134,0.8497032646932449,0.8495901600566951,0.8921117056592501,0.9075162038674903,0.902541855529506,0.8548029049714105,0.9450259943098399,2.538154969261624,4.49967880901937,4.342374999420911,4.525836957665727,4.711325642351911,4.462935032427392,4.65177079845236,4.294189939327417,4.818049153566275,3.2845295341819396
1.71,0.9714106036091663,0.7988957563481486,0.8253802749696908,0.8510498486281083,0.8520302020803605,0.89211260372382,0.9073241674660295,0.9042762074208105,0.8564674528183255,0.9465451535366961,2.5917633561391793,4.536479872279018,4.379894345681422,4.56976971986433,4.743152347662673,4.514911146623553,4.705451256032213,4.333929108511794,4.856205900600867,3.325967489933142
1.72,0.9725479481698474,0.8022691669146189,0.8279064049036364,0.8523971543927591,0.8544506505880787,0.8921286297853481,0.9071323337439948,0.9060330094188245,0.8582308088970467,0.9480871229577277,2.6458460286784247,4.573181900407109,4.417561837983404,4.6141042992462475,4.775280354088661,4.567002735959092,4.759061243481384,4.37416434505372,4.894342667968424,3.367941936977161
1.73,0.9736959796359742,0.8057272650420022,0.8304790314859837,0.8537453563307922,0.8568483583838519,0.8921652145817007,0.9069485059576156,0.9078110864473302,0.8600908564982536,0.9496508777219295,2.7003971241700775,4.609795496471186,4.455389980868066,4.6588229285235805,4.807736067765088,4.619176113788065,4.812556033852674,4.414910404370248,4.932464022815736,3.4104592123290685
1.74,0.9748534941591265,0.8092635755888475,0.8330943702848548,0.855094979148107,0.8592207671201145,0.8922281564995155,0.9067809659316775,0.9096093681285576,0.8620452932627753,0.9512354149078844,2.7554106104172833,4.646332546240498,4.493391543549278,4.703906983196356,4.840545729656927,4.671398028073009,4.865892617998185,4.456180790513497,4.970575019697859,3.4535243515279026
1.75,0.9760208456313059,0.8128650607199884,0.8357428342028554,0.8564400593316086,0.8615584933574021,0.8923162748758174,0.9066311035962608,0.9114231045665112,0.8640819560647763,0.9528405057611388,2.810880248387463,4.6828061135486205,4.531579384265992,4.749336763083113,4.873735273251262,4.723635580432697,4.9190295171874805,4.497987140347221,5.008681152880467,3.4971348762192025
1.76,0.9771949787153116,0.8165321030816881,0.838427305082977,0.8577893251097034,0.8638683157430674,0.892443974519022,0.9065158743552948,0.9132556620037061,0.8662089547772147,0.9544638998502405,2.8667996194324585,4.719230598576095,4.569966585324382,4.79509202027721,4.907330221872134,4.775856492872421,4.971927392516284,4.540339683908306,5.046788402832222,3.541292035635145
1.77,0.978376297824167,0.8202509636767219,0.841137901307481,0.8591368217387567,0.8661414209391228,0.8926098828377356,0.9064364139771438,0.9151020703743578,0.8684131795217499,0.9561054746741036,2.923162135760595,4.755621685282776,4.6085663672988195,4.841151837591716,4.941355542795397,4.828029079231288,5.024548887954557,4.58324715493397,5.084903250458229,3.5859931547122783
1.78,0.979561768249921,0.8240220749584127,0.8438779020257681,0.8604923477192672,0.8683860322318534,0.8928293143876622,0.9064106259339155,0.9169660900361484,0.870702664491882,0.957763090469064,2.979961002372633,4.791996302001515,4.647391996987767,4.88749473145815,4.975835520531198,4.8801222967749,5.076858773484215,4.626716367914739,5.123032625627015,3.631235280404248
1.79,0.9807503046658712,0.8278378491951663,0.8466433602910759,0.8618573023118001,0.870601704910495,0.8931085267735411,0.9064471174254219,0.9188465622191472,0.873073563231861,0.9594359641800526,3.037189286032413,4.828372752746903,4.686456931232652,4.934099032003096,5.010793648520483,4.932105947307151,5.128824279524191,4.670752994976736,5.161184010995955,3.6770178367912183
1.8,0.9819407566874603,0.8316908972473411,0.8494306156640011,0.8632335917501839,0.872788700416593,0.8934540654981361,0.9065546885692701,0.9207425220863968,0.8755220977386589,0.9611231688537694,3.0948398833155966,4.864770600748303,4.725774662607579,4.980942764363631,5.046252486240817,4.983950629925331,5.180414944813849,4.715361072947353,5.199365391744211,3.723338766257642
1.81,0.9831319553345734,0.8355738476358746,0.8522360950732888,0.8646232909769027,0.8749476759482976,0.8938724262516098,0.9067419045982342,0.9226529917050823,0.878044351664895,0.9628237012900489,3.1529055203164758,4.901210634548959,4.765358673760246,5.0280037478738455,5.082233534289725,5.035627797409891,5.231602672805537,4.760542951283665,5.237585251815238,3.7701945854514447
1.82,0.9843227175298079,0.8394793685620593,0.855056303816713,0.8660285894841114,0.8770796170601948,0.8943699720632438,0.9070169803155992,0.9245769579967381,0.8806362576673133,0.9645364818475431,3.211378752744247,4.937714824808168,4.805222390655989,5.075259696401785,5.118757113046193,5.087109812668369,5.2823617779231435,4.806299249617933,5.275852568666496,3.817580422162614
1.83,0.9855118500395809,0.8434001918001047,0.8578878174434194,0.8674517365409861,0.8791857687489673,0.8949528516587871,0.9073876697519987,0.926513353153951,0.8832935882539518,0.966260353822577,3.270251966431719,4.974306271807305,4.845379135131409,5.122688320046458,5.155842245990625,5.138370005892807,5.332669023324214,4.852628825817901,5.31417680644994,3.865490054274942
1.84,0.9866981530071781,0.8473291375550427,0.8607272741336625,0.8688949858988815,0.881267565579671,0.895626919308551,0.9078611617345052,0.9284610374253062,0.8860119496860441,0.9679940827635269,3.3295173782393794,5.011009143494977,4.885842076893211,5.170267427700372,5.193506548624083,5.189382732738556,5.382503651054801,4.899528754623398,5.352567907469818,3.913915951384754
1.85,0.9878804231496232,0.8512591396153081,0.8635713674376705,0.8703605404685776,0.8833265617592129,0.8963976567601913,0.9084439823471537,0.9304187843579993,0.8887867787635568,0.9697363559471007,3.389167037340563,5.047848604008471,4.926624185111816,5.217975030000804,5.231766123866395,5.240123433829033,5.431847405496457,4.946994316914061,5.391036281766275,3.9628493195092154
1.86,0.9890574566659853,0.855183270141844,0.8664168392605134,0.8718504975247553,0.8853643621060581,0.8972700978600199,0.9091419051730507,0.9323852685608133,0.8916133423612994,0.9714857821843276,3.4491928268758874,5.08485073271723,4.967738179773196,5.265789442213233,5.270635464746511,5.290568695878028,5.480684550984318,4.995018999650537,5.429592794677091,4.012280149184834
1.87,0.9902280518873624,0.8590947634592246,0.8692604730049822,0.8733667950414884,0.8873825548837042,0.8982487564729125,0.9099598701203242,0.93435905602371,0.8944867396077854,0.9732408920767311,3.5095864659671823,5.1220424339478825,5.009196482966567,5.313689386611592,5.310127365129229,5.340696314697665,5.5290018844253535,5.043594506513603,5.468248752235966,4.062197267156161
1.8800000000000001,0.9913910116875142,0.8629870382522535,0.8720990868118269,0.8749111598002641,0.8893826474635416,0.8993375583156868,0.9109019115508902,0.9363385970058773,0.8974019066144665,0.9750001388069918,3.5703395120830326,5.159451337667523,5.051011170300168,5.361654093941333,5.350252839151464,5.390485360325899,5.576788743669205,5.092710779243685,5.507015884274918,4.112588391771721
1.8900000000000001,0.9925451456674226,0.8668537176255402,0.8749295268674155,0.8764850579393868,0.8913660057630619,0.9005397773232666,0.9119710963538151,0.9383222214825301,0.9003536236708755,0.9767618995226616,3.6314433637498555,5.197105691520797,5.0931939226528,5.409663403571887,5.391021049970163,5.439916244462039,5.624037012283886,5.142356029657753,5.545906325110969,4.163440192135734
1.9000000000000001,0.9936892721261206,0.8706886465543066,0.8777486607834744,0.8780896486306187,0.8933337983702194,0.9018579771712625,0.9131694725341293,0.9403081371224352,0.9033365248234363,0.978524477354993,3.6928892636042554,5.235034244734467,5.135755978484901,5.457697861963879,5.432439248353614,5.488970790342049,5.670741121268565,5.192516782292132,5.584932591713621,4.214738351007562
1.9100000000000001,0.9948222198332963,0.8744859063414931,0.8805533710918089,0.8797257415751754,0.8952869462157435,0.9032939585822407,0.9144980288220983,0.9422944297527514,0.906345109753622,0.9802861041061393,3.754668301784306,5.273266124518547,5.178708086949676,5.505738819092654,5.474512721579137,5.537632305117152,5.716898048099645,5.2431779275883645,5.6241075592699605,4.266467631393894
1.92,0.995942829625559,0.8782398257974672,0.8833405489379031,0.8813937590061928,0.8972260785937384,0.9048487130447267,0.9159566657450433,0.9442790662548434,0.9093737578658532,0.9820449436350834,3.816771419659466,5.311830705703235,5.222060462061951,5.5537685224823825,5.517244753033341,5.585885654719603,5.762507313358688,5.294322785504992,5.663444434088377,4.318611946739214
1.93,0.9970499558570091,0.881944988971444,0.886107088099692,0.883093702867573,0.8991514962576074,0.9065223835721058,0.9175441785407619,0.9462598998232334,0.9124167444877158,0.9837990959737803,3.8791894139009853,5.350757474453683,5.265822738199497,5.601770208513603,5.560636592846353,5.6337173411087,5.8075709750358016,5.345933179400681,5.702956723809911,4.371154434586779
1.94,0.9981424677448955,0.8855962393845832,0.8888498794996881,0.8848251278088965,0.901063142233923,0.9083142331208958,0.9192582522249981,0.9482346775087838,0.9154682590753326,0.9855466022081969,3.941912940897024,5.3900758869978835,5.3100039272281325,5.649728190671069,5.604687439828565,5.6811155816887515,5.852093620444477,5.3979895199931915,5.7426582049276425,4.4240775335532625
1.95,0.9992192506617323,0.8891886808391906,0.8915658064178702,0.8865871205918422,0.9029605809013109,0.9102226212718512,0.9210954690514264,0.9502010499553274,0.9185224253052133,0.9872854501623372,4.004932521519127,5.429815224384781,5.354612377557401,5.69762794439793,5.649394434917061,5.728070390579701,5.896082355528292,5.450470899153981,5.7825628876490285,4.477363063434338
1.96,1.0002792074352376,0.8927176750018649,0.8942517406469336,0.8883782864445954,0.9048429857749695,0.9122449897505214,0.92305132851776,0.952156583225146,0.9215733229209347,0.9890135809252053,4.0682385462491855,5.47000444435851,5.399655735447198,5.745456188216649,5.694752666278284,5.774573661301671,5.939546791190871,5.503355193249295,5.822684978172986,4.530992308234475
1.97,1.0013212597259422,0.8961788360757418,0.8969045398582912,0.8901967428264181,0.9067091363200396,0.914377857323598,0.9251202799725577,0.9540987725919464,0.9246150111885107,0.990728896259492,4.131821280678471,5.510672031489127,5.4451409088969065,5.793200960766836,5.740755186153015,5.820619250308531,5.982499026142734,5.5566191756851735,5.863038838492218,4.584946101891125
1.98,1.0023443495584023,0.8995680229833488,0.8995210464642968,0.8920401209747326,0.9085574239888534,0.9166168245514004,0.9272957677616847,0.9560250581595615,0.9276415537984333,0.9924292669253643,4.195670871392646,5.551845846739409,5.4910740344563065,5.840851693396039,5.787393039468391,5.866203060674794,6.024953625636506,5.610238638255601,5.903638943870951,4.639204916440452
1.99,1.003347441084828,0.9028813295724434,0.9020980882675743,0.8939055755019278,0.9103858675384706,0.9189565888031246,0.9295702887196067,0.9579328421401393,0.9306470450351338,0.9941125419422616,4.2597773522586975,5.593552977670808,5.537460447301266,5.888399277922201,5.8346553041787415,5.911323125107253,6.066927595359536,5.664188520830025,5.944499838188006,4.693748952348017
2.0,1.004329522659054,0.9061150734285679,0.9046324811804453,0.8957898021893305,0.9121921375366017,0.9213909698485822,0.9319354616584473,0.9598195075971189,0.9336256370161369,0.9957765587956723,4.324130651131416,5.635819590499202,5.5843046549159965,5.935836129167155,5.882529143231493,5.955979687320703,6.108440349674111,5.718443048848602,5.985636087374169,4.748558230702977
